<?xml version="1.0" encoding="UTF-8"?>
<jcr:root xmlns:sling="http://sling.apache.org/jcr/sling/1.0" xmlns:cq="http://www.day.com/jcr/cq/1.0" xmlns:jcr="http://www.jcp.org/jcr/1.0" xmlns:nt="http://www.jcp.org/jcr/nt/1.0" xmlns:rep="internal"
    jcr:mixinTypes="[rep:AccessControllable]"
    jcr:primaryType="cq:Page">
    <wcm jcr:primaryType="nt:unstructured">
        <foundation jcr:primaryType="nt:unstructured">
            <components jcr:primaryType="nt:unstructured">
                <responsivegrid jcr:primaryType="nt:unstructured">
                    <policy_76194888503838
                        cq:styleDefaultClasses="cmp-examples-structure"
                        jcr:lastModified="{Date}2018-12-18T19:17:00.040Z"
                        jcr:lastModifiedBy="admin"
                        jcr:primaryType="nt:unstructured"
                        jcr:title="Core Components Examples - Root"
                        sling:resourceType="wcm/core/components/policy/policy"
                        components="[/libs/wcm/foundation/components/responsivegrid,group:Core Components Examples,group:.core-wcm,group:.core-wcm-form]">
                        <cq:authoring jcr:primaryType="nt:unstructured">
                            <assetToComponentMapping jcr:primaryType="nt:unstructured">
                                <mapping_1544531934044
                                    jcr:primaryType="nt:unstructured"
                                    assetGroup="media"
                                    assetMimetype="image/*"
                                    droptarget="image"
                                    resourceType="core/wcm/components/image/v2/image"/>
                            </assetToComponentMapping>
                        </cq:authoring>
                        <jcr:content
                            jcr:primaryType="nt:unstructured"
                            mergeList="{Boolean}true"/>
                    </policy_76194888503838>
                    <policy_1545309074617
                        cq:styleDefaultClasses="cmp-examples-structure__main"
                        jcr:lastModified="{Date}2019-01-08T16:59:45.043+01:00"
                        jcr:lastModifiedBy="admin"
                        jcr:primaryType="nt:unstructured"
                        jcr:title="Core Components Examples - Structure"
                        sling:resourceType="wcm/core/components/policy/policy"
                        components="[/libs/wcm/foundation/components/responsivegrid,group:Core Components Examples,group:.core-wcm,group:.core-wcm-form]">
                        <jcr:content jcr:primaryType="nt:unstructured"/>
                        <cq:authoring jcr:primaryType="nt:unstructured">
                            <assetToComponentMapping jcr:primaryType="nt:unstructured">
                                <mapping_1544531934044
                                    jcr:primaryType="nt:unstructured"
                                    assetGroup="media"
                                    assetMimetype="image/*"
                                    droptarget="image"
                                    resourceType="core/wcm/components/image/v2/image"/>
                            </assetToComponentMapping>
                        </cq:authoring>
                        <cq:styleGroups jcr:primaryType="nt:unstructured">
                            <item0
                                cq:styleGroupLabel="Area"
                                jcr:primaryType="nt:unstructured">
                                <cq:styles jcr:primaryType="nt:unstructured">
                                    <item0
                                        cq:styleClasses="cmp-examples-structure__header"
                                        cq:styleId="1545309104202"
                                        cq:styleLabel="Header"
                                        jcr:primaryType="nt:unstructured"/>
                                    <item1
                                        cq:styleClasses="cmp-examples-structure__main"
                                        cq:styleId="1545309110033"
                                        cq:styleLabel="Main"
                                        jcr:primaryType="nt:unstructured"/>
                                    <item2
                                        cq:styleClasses="cmp-examples-structure__aside"
                                        cq:styleId="1545309119491"
                                        cq:styleLabel="Aside"
                                        jcr:primaryType="nt:unstructured"/>
                                    <item3
                                        cq:styleClasses="cmp-examples-structure__footer"
                                        cq:styleId="1551382932159"
                                        cq:styleLabel="Footer"
                                        jcr:primaryType="nt:unstructured"/>
                                </cq:styles>
                            </item0>
                        </cq:styleGroups>
                    </policy_1545309074617>
                </responsivegrid>
            </components>
        </foundation>
    </wcm>
    <core jcr:primaryType="nt:unstructured">
        <wcm jcr:primaryType="nt:unstructured">
            <components jcr:primaryType="nt:unstructured">
                <title jcr:primaryType="nt:unstructured">
                    <v2 jcr:primaryType="nt:unstructured">
                        <title jcr:primaryType="nt:unstructured">
                            <policy_1544759499870
                                jcr:lastModified="{Date}2018-12-20T19:58:20.742Z"
                                jcr:lastModifiedBy="admin"
                                jcr:primaryType="nt:unstructured"
                                jcr:title="Core Components Examples - Title"
                                sling:resourceType="wcm/core/components/policy/policy"
                                allowedTypes="[h1,h2,h3,h4,h5,h6]"
                                linkDisabled="false"
                                type="h1">
                                <jcr:content jcr:primaryType="nt:unstructured"/>
                                <cq:styleGroups jcr:primaryType="nt:unstructured">
                                    <item0
                                        cq:styleGroupLabel="Heading"
                                        jcr:primaryType="nt:unstructured">
                                        <cq:styles jcr:primaryType="nt:unstructured">
                                            <item0
                                                cq:styleClasses="cmp-examples-title--heading1"
                                                cq:styleId="1544759629303"
                                                cq:styleLabel="Heading 1"
                                                jcr:primaryType="nt:unstructured"/>
                                            <item1
                                                cq:styleClasses="cmp-examples-title--heading2"
                                                cq:styleId="1544759664489"
                                                cq:styleLabel="Heading 2"
                                                jcr:primaryType="nt:unstructured"/>
                                            <item2
                                                cq:styleClasses="cmp-examples-title--heading3"
                                                cq:styleId="1544759676459"
                                                cq:styleLabel="Heading 3"
                                                jcr:primaryType="nt:unstructured"/>
                                        </cq:styles>
                                    </item0>
                                </cq:styleGroups>
                            </policy_1544759499870>
                        </title>
                    </v2>
                    <v1 jcr:primaryType="nt:unstructured">
                        <title jcr:primaryType="nt:unstructured"/>
                    </v1>
                </title>
                <text jcr:primaryType="nt:unstructured">
                    <v2 jcr:primaryType="nt:unstructured">
                        <text jcr:primaryType="nt:unstructured">
                            <policy_1544762709128
                                jcr:lastModified="{Date}2019-01-15T17:04:07.053+01:00"
                                jcr:lastModifiedBy="admin"
                                jcr:primaryType="nt:unstructured"
                                jcr:title="Core Components Examples - Text"
                                sling:resourceType="wcm/core/components/policy/policy">
                                <jcr:content jcr:primaryType="nt:unstructured"/>
                                <rtePlugins jcr:primaryType="nt:unstructured">
                                    <paraformat
                                        jcr:primaryType="nt:unstructured"
                                        features="*">
                                        <formats
                                            jcr:primaryType="nt:unstructured"
                                            override="true">
                                            <item0
                                                jcr:primaryType="nt:unstructured"
                                                description="Paragraph"
                                                tag="p"/>
                                            <item1
                                                jcr:primaryType="nt:unstructured"
                                                description="Heading 1"
                                                tag="h1"/>
                                            <item2
                                                jcr:primaryType="nt:unstructured"
                                                description="Heading 2"
                                                tag="h2"/>
                                            <item3
                                                jcr:primaryType="nt:unstructured"
                                                description="Heading 3"
                                                tag="h3"/>
                                            <item4
                                                jcr:primaryType="nt:unstructured"
                                                description="Heading 4"
                                                tag="h4"/>
                                            <item5
                                                jcr:primaryType="nt:unstructured"
                                                description="Heading 5"
                                                tag="h5"/>
                                            <item6
                                                jcr:primaryType="nt:unstructured"
                                                description="Heading 6"
                                                tag="h6"/>
                                            <item7
                                                jcr:primaryType="nt:unstructured"
                                                description="Quote"
                                                tag="blockquote"/>
                                            <item8
                                                jcr:primaryType="nt:unstructured"
                                                description="Horizontal Rule (visual line break)"
                                                tag="hr"/>
                                            <item9
                                                jcr:primaryType="nt:unstructured"
                                                description="Preformatted"
                                                tag="pre"/>
                                            <item10
                                                jcr:primaryType="nt:unstructured"
                                                description="Code"
                                                tag="code"/>
                                        </formats>
                                    </paraformat>
                                    <misctools
                                        jcr:primaryType="nt:unstructured"
                                        features="sourceedit">
                                        <specialCharsConfig jcr:primaryType="nt:unstructured">
                                            <chars
                                                jcr:primaryType="nt:unstructured"
                                                override="true">
                                                <item0
                                                    jcr:primaryType="nt:unstructured"
                                                    entity="&amp;copy;"
                                                    name="copyright"/>
                                                <item1
                                                    jcr:primaryType="nt:unstructured"
                                                    entity="&amp;euro;"
                                                    name="euro"/>
                                                <item2
                                                    jcr:primaryType="nt:unstructured"
                                                    entity="&amp;reg;"
                                                    name="registered"/>
                                                <item3
                                                    jcr:primaryType="nt:unstructured"
                                                    entity="&amp;trade;"
                                                    name="trademark"/>
                                            </chars>
                                        </specialCharsConfig>
                                    </misctools>
                                    <edit
                                        jcr:primaryType="nt:unstructured"
                                        features="-"/>
                                    <findreplace
                                        jcr:primaryType="nt:unstructured"
                                        features="-"/>
                                    <undo
                                        jcr:primaryType="nt:unstructured"
                                        features="-"/>
                                    <spellcheck
                                        jcr:primaryType="nt:unstructured"
                                        features="-"/>
                                    <image
                                        jcr:primaryType="nt:unstructured"
                                        features="-"/>
                                    <table
                                        jcr:primaryType="nt:unstructured"
                                        features="*"/>
                                    <lists
                                        jcr:primaryType="nt:unstructured"
                                        features="*"/>
                                    <justify
                                        jcr:primaryType="nt:unstructured"
                                        features="*"/>
                                    <format
                                        jcr:primaryType="nt:unstructured"
                                        features="bold,italic,underline"/>
                                    <links
                                        jcr:primaryType="nt:unstructured"
                                        features="modifylink,unlink"/>
                                    <subsuperscript
                                        jcr:primaryType="nt:unstructured"
                                        features="*"/>
                                </rtePlugins>
                                <cq:styleGroups jcr:primaryType="nt:unstructured">
                                    <item0
                                        cq:styleGroupLabel="Variant"
                                        jcr:primaryType="nt:unstructured">
                                        <cq:styles jcr:primaryType="nt:unstructured">
                                            <item0
                                                cq:styleClasses="cmp-examples-text--page-title"
                                                cq:styleId="1644862132301"
                                                cq:styleLabel="Page Title"
                                                jcr:primaryType="nt:unstructured"/>
                                            <item1
                                                cq:styleClasses="cmp-examples-text--hero"
                                                cq:styleId="1544762734201"
                                                cq:styleLabel="Hero"
                                                jcr:primaryType="nt:unstructured"/>
                                            <item3
                                                cq:styleClasses="cmp-examples-text--no-results"
                                                cq:styleId="1550360114923"
                                                cq:styleLabel="No Results"
                                                jcr:primaryType="nt:unstructured"/>
                                        </cq:styles>
                                    </item0>
                                </cq:styleGroups>
                            </policy_1544762709128>
                        </text>
                    </v2>
                </text>
                <teaser jcr:primaryType="nt:unstructured">
                    <v1 jcr:primaryType="nt:unstructured">
                        <teaser jcr:primaryType="nt:unstructured">
                            <policy_1547060084604
                                jcr:lastModified="{Date}2019-01-09T19:55:10.729+01:00"
                                jcr:lastModifiedBy="admin"
                                jcr:primaryType="nt:unstructured"
                                jcr:title="Core Components Examples - Teaser"
                                sling:resourceType="wcm/core/components/policy/policy">
                                <jcr:content jcr:primaryType="nt:unstructured"/>
                                <cq:styleGroups jcr:primaryType="nt:unstructured">
                                    <item0
                                        cq:styleGroupLabel="Variant"
                                        jcr:primaryType="nt:unstructured">
                                        <cq:styles jcr:primaryType="nt:unstructured">
                                            <item0
                                                cq:styleClasses="cmp-examples-teaser--component"
                                                cq:styleId="1547060090076"
                                                cq:styleLabel="Component"
                                                jcr:primaryType="nt:unstructured"/>
                                            <item1
                                                cq:styleClasses="cmp-examples-teaser--document"
                                                cq:styleId="1550165685463"
                                                cq:styleLabel="Document"
                                                jcr:primaryType="nt:unstructured"/>
                                        </cq:styles>
                                    </item0>
                                </cq:styleGroups>
                            </policy_1547060084604>
                        </teaser>
                    </v1>
                </teaser>
                <form jcr:primaryType="nt:unstructured">
                    <text jcr:primaryType="nt:unstructured">
                        <v2 jcr:primaryType="nt:unstructured">
                            <text jcr:primaryType="nt:unstructured">
                                <policy_1550289110975
                                    jcr:lastModified="{Date}2019-02-16T04:53:01.777+01:00"
                                    jcr:lastModifiedBy="admin"
                                    jcr:primaryType="nt:unstructured"
                                    jcr:title="Core Components Examples - Form Text"
                                    sling:resourceType="wcm/core/components/policy/policy">
                                    <jcr:content jcr:primaryType="nt:unstructured"/>
                                    <cq:styleGroups jcr:primaryType="nt:unstructured">
                                        <item0 jcr:primaryType="nt:unstructured">
                                            <cq:styles jcr:primaryType="nt:unstructured">
                                                <item0
                                                    cq:styleClasses="cmp-examples-form-text--search"
                                                    cq:styleId="1550289148555"
                                                    cq:styleLabel="Search"
                                                    jcr:primaryType="nt:unstructured"/>
                                            </cq:styles>
                                        </item0>
                                    </cq:styleGroups>
                                </policy_1550289110975>
                            </text>
                        </v2>
                    </text>
                </form>
                <separator jcr:primaryType="nt:unstructured">
                    <v1 jcr:primaryType="nt:unstructured">
                        <separator jcr:primaryType="nt:unstructured">
                            <policy_1550355088949
                                jcr:lastModified="{Date}2019-02-16T23:15:25.965+01:00"
                                jcr:lastModifiedBy="admin"
                                jcr:primaryType="nt:unstructured"
                                jcr:title="Core Components Examples - Separator"
                                sling:resourceType="wcm/core/components/policy/policy">
                                <jcr:content jcr:primaryType="nt:unstructured"/>
                                <cq:styleGroups jcr:primaryType="nt:unstructured">
                                    <item0
                                        cq:styleGroupLabel="Variant"
                                        jcr:primaryType="nt:unstructured">
                                        <cq:styles jcr:primaryType="nt:unstructured">
                                            <item0
                                                cq:styleClasses="cmp-examples-separator--thin"
                                                cq:styleId="1550355113852"
                                                cq:styleLabel="Thin"
                                                jcr:primaryType="nt:unstructured"/>
                                        </cq:styles>
                                    </item0>
                                </cq:styleGroups>
                            </policy_1550355088949>
                        </separator>
                    </v1>
                </separator>
                <download jcr:primaryType="nt:unstructured">
                    <v1 jcr:primaryType="nt:unstructured">
                        <download jcr:primaryType="nt:unstructured">
                            <policy_1559906471859
                                jcr:lastModified="{Date}2019-06-07T13:36:21.106+02:00"
                                jcr:lastModifiedBy="admin"
                                jcr:primaryType="nt:unstructured"
                                jcr:title="download"
                                sling:resourceType="wcm/core/components/policy/policy"
                                allowUpload="true"
                                displayFilename="true"
                                displayFormat="true"
                                displaySize="true">
                                <jcr:content jcr:primaryType="nt:unstructured"/>
                            </policy_1559906471859>
                        </download>
                    </v1>
                </download>
                <container jcr:primaryType="nt:unstructured">
                    <v1 jcr:primaryType="nt:unstructured">
                        <container jcr:primaryType="nt:unstructured">
                            <policy_1559057070844
                                jcr:lastModified="{Date}2019-05-28T18:24:48.269+03:00"
                                jcr:lastModifiedBy="admin"
                                jcr:primaryType="nt:unstructured"
                                jcr:title="Default"
                                sling:resourceType="wcm/core/components/policy/policy"
                                backgroundColorEnabled="true"
                                backgroundImageEnabled="true">
                                <jcr:content jcr:primaryType="nt:unstructured"/>
                            </policy_1559057070844>
                        </container>
                    </v1>
                </container>
            </components>
        </wcm>
    </core>
    <core-components-examples jcr:primaryType="nt:unstructured">
        <components jcr:primaryType="nt:unstructured">
            <page jcr:primaryType="nt:unstructured">
                <policy_212634895490169
                    jcr:lastModified="{Date}2019-02-14T14:27:11.516+01:00"
                    jcr:lastModifiedBy="admin"
                    jcr:primaryType="nt:unstructured"
                    jcr:title="Core Components Examples - Page"
                    sling:resourceType="wcm/core/components/policy/policy"
                    appResourcesClientlib="cmp-examples.site"
                    clientlibs="cmp-examples.base">
                    <jcr:content jcr:primaryType="nt:unstructured"/>
                </policy_212634895490169>
            </page>
        </components>
    </core-components-examples>
</jcr:root>
